condition_a,condition_b,measure,n_a,n_b,median_a,median_b,mannwhitney_u,p_value,cliffs_delta
e1_gpt_vocal_r0,e0_all_gpt41,bloc_ask_slope,10,10,-0.04315247252747329,-0.045392551892553826,59.0,0.5205228832757727,0.18
e1_gpt_vocal_r0,e0_all_gpt41,session_judge_bloc,10,10,2.6435185185185186,3.954106280193237,0.0,0.00017861448837368167,-1.0
